{
  "ridge_lambda": 0.001,
  "r2_mean": 0.5283768746196773,
  "mse_mean": 0.08871490002404574,
  "active_latents": 109
}