{
  "ridge_lambda": 0.001,
  "r2_mean": 0.5236476280252736,
  "mse_mean": 0.08960449728133299,
  "active_latents": 119
}