{
  "ridge_lambda": 0.001,
  "r2_mean": 0.017027603462338448,
  "r2_per_action": [
    0.015312492847442627,
    0.008588790893554688,
    0.012117505073547363,
    0.008114755153656006,
    0.006850481033325195,
    0.0059299468994140625,
    0.0022682547569274902,
    0.009836673736572266,
    0.0732622742652893,
    0.00507664680480957,
    0.014010429382324219,
    0.00826650857925415,
    0.01187223196029663,
    0.007528185844421387,
    0.013573169708251953,
    0.016823530197143555,
    0.0077915191650390625,
    0.016115307807922363,
    0.0053479671478271484,
    0.004915416240692139,
    0.013152062892913818,
    0.019164979457855225,
    0.030782461166381836,
    0.0021215081214904785,
    0.01102060079574585,
    0.03443944454193115,
    0.012067914009094238,
    0.03552156686782837,
    0.025494754314422607,
    0.011976957321166992,
    0.01508641242980957,
    0.003724515438079834,
    0.004982411861419678,
    0.04956024885177612,
    0.005706727504730225,
    0.04532825946807861,
    0.01475304365158081,
    0.006505846977233887,
    0.008936524391174316,
    0.009374618530273438,
    0.0033081769943237305,
    0.01213294267654419,
    0.007861137390136719,
    0.00011789798736572266,
    0.007241785526275635,
    0.014633119106292725,
    0.007221043109893799,
    0.0073274970054626465,
    0.0015717744827270508,
    0.08765912055969238,
    0.003038763999938965,
    0.01988464593887329,
    0.014060020446777344,
    0.01692831516265869,
    0.04074364900588989,
    0.006144583225250244,
    0.04967254400253296,
    0.010117590427398682,
    0.06435126066207886,
    0.04636293649673462,
    0.003978133201599121,
    0.061373233795166016,
    0.01195836067199707,
    0.0027714967727661133,
    0.020371437072753906,
    0.008299946784973145,
    0.0021779537200927734,
    0.03929346799850464,
    0.030380725860595703,
    0.0005825161933898926,
    0.05067402124404907,
    0.061528682708740234,
    0.005439817905426025,
    0.011291921138763428,
    0.006704747676849365,
    0.020155608654022217,
    0.0020870566368103027,
    0.0033559799194335938,
    0.0060427188873291016,
    0.029032588005065918,
    0.051698267459869385,
    0.022392451763153076,
    0.026030302047729492,
    0.011463701725006104,
    0.0020076632499694824,
    0.00626218318939209,
    0.009779930114746094,
    0.025626420974731445,
    0.0027704834938049316,
    0.006898641586303711,
    0.008346736431121826,
    0.008241117000579834,
    0.0073043107986450195,
    0.0089607834815979,
    0.014084458351135254,
    0.013550162315368652,
    0.015077829360961914
  ],
  "mse_mean": 0.18056145310401917,
  "mse_per_action": [
    0.03802434727549553,
    0.2974129617214203,
    0.30190008878707886,
    0.2843933403491974,
    0.09736602008342743,
    0.32418668270111084,
    0.290259450674057,
    0.23009389638900757,
    0.04238976165652275,
    0.043812718242406845,
    0.06075550988316536,
    0.12684626877307892,
    0.33623215556144714,
    0.3330860435962677,
    0.32200828194618225,
    0.5239233374595642,
    0.02337290532886982,
    0.05639784783124924,
    0.07907462865114212,
    0.12661036849021912,
    0.444795161485672,
    0.38725045323371887,
    0.19288846850395203,
    0.055146608501672745,
    0.038176510483026505,
    0.04305858165025711,
    0.31458809971809387,
    0.08833073824644089,
    0.0983179435133934,
    0.17204532027244568,
    0.006814703345298767,
    0.15457339584827423,
    0.4489904046058655,
    0.04074870049953461,
    0.2035418599843979,
    0.03864193707704544,
    0.43401241302490234,
    0.04496927931904793,
    0.313734233379364,
    0.3743645250797272,
    0.09781094640493393,
    0.027791647240519524,
    0.11855568736791611,
    0.4129803478717804,
    0.28080904483795166,
    0.11554703861474991,
    0.542370617389679,
    0.3980697989463806,
    0.1631658375263214,
    0.038991257548332214,
    0.24568971991539001,
    0.2683813273906708,
    0.48515036702156067,
    0.33774420619010925,
    0.1215510293841362,
    0.029653390869498253,
    0.04331740364432335,
    0.004933818709105253,
    0.03663931041955948,
    0.0073625617660582066,
    0.17391526699066162,
    0.03385661542415619,
    0.23212215304374695,
    0.03273489326238632,
    0.009370522573590279,
    0.11023999750614166,
    0.42273837327957153,
    0.16588881611824036,
    0.010462449863553047,
    0.1583799123764038,
    0.04152840003371239,
    0.03643468767404556,
    0.020983872935175896,
    0.007518291007727385,
    0.02022857964038849,
    0.09269847720861435,
    0.027034418657422066,
    0.16819846630096436,
    0.3290576636791229,
    0.4281589090824127,
    0.15566961467266083,
    0.05226018652319908,
    0.08319450914859772,
    0.510221540927887,
    0.3492407500743866,
    0.14636792242527008,
    0.0388813354074955,
    0.04246286302804947,
    0.2742774188518524,
    0.07067276537418365,
    0.4684196412563324,
    0.20271047949790955,
    0.2471279352903366,
    0.16901370882987976,
    0.14161406457424164,
    0.42383819818496704,
    0.00728607177734375
  ],
  "num_samples": 230,
  "latent_dim": 32
}